rank,model_name,cv_runtime_seconds,cv_accuracy,cv_precision,cv_recall,cv_f1,cv_roc_auc,cv_std_accuracy,cv_std_precision,cv_std_recall,cv_std_f1,cv_std_roc_auc,test_accuracy,test_precision,test_recall,test_f1,test_roc_auc
1,lightgbm,0.2252,0.5591666666666667,0.6206060606060606,0.6555555555555556,0.6203842940685045,0.6306216931216931,0.090461778300746,0.1128217264763556,0.137043293150489,0.070285945532718,0.1150504737801405,0.65,0.6666666666666666,0.7272727272727273,0.6956521739130435,0.707070707070707
2,xgboost,1.1315,0.6633333333333333,0.758939393939394,0.6555555555555556,0.6783179668628586,0.6548941798941799,0.0559885901074694,0.1414801072694829,0.1540101808403234,0.0635913878805519,0.1212497674919421,0.6,0.6153846153846154,0.7272727272727273,0.6666666666666666,0.6868686868686869
3,random_forest,1.533,0.5875,0.6205555555555555,0.7027777777777777,0.6560371517027864,0.6113756613756615,0.1415195314356918,0.1133574129517571,0.1271724793584399,0.1132483872408953,0.1410704208458886,0.55,0.5714285714285714,0.7272727272727273,0.64,0.595959595959596
4,svm_rbf,0.05,0.5199999999999999,0.5878571428571429,0.4444444444444445,0.5032880844645551,0.533068783068783,0.0945530421392023,0.0811775579724307,0.1220326813138266,0.1067599900237945,0.1089123269595633,0.55,0.5833333333333334,0.6363636363636364,0.6086956521739131,0.4949494949494949
5,logistic_regression,0.0928,0.3624999999999999,0.4166666666666667,0.3472222222222222,0.3777310924369748,0.3355820105820106,0.0692218655243172,0.0830778396303233,0.0633430791721743,0.0693487363136711,0.0920672929945776,0.4,0.4285714285714285,0.2727272727272727,0.3333333333333333,0.3939393939393939
