{
  "problem_type": "classification",
  "task_variant": "binary_classification",
  "primary_metric": "roc_auc",
  "best_model_name": "logistic_regression",
  "benchmark_overview": {
    "candidate_model_count": 3,
    "primary_metric": "roc_auc",
    "top_ranked_model": "logistic_regression",
    "second_best_model": "xgboost",
    "top_model_margin_over_second": 0.00045223533465399424,
    "selected_best_model": "logistic_regression",
    "comparison_table": [
      {
        "rank": 1,
        "model_name": "logistic_regression",
        "cv_runtime_seconds": 0.7437,
        "cv_accuracy": 0.980404492991624,
        "cv_precision": 0.2674851464325148,
        "cv_recall": 0.8083333333333333,
        "cv_f1": 0.3996033360879438,
        "cv_roc_auc": 0.9870062557754178,
        "cv_std_accuracy": 0.0039902538445964,
        "cv_std_precision": 0.0378261648711318,
        "cv_std_recall": 0.0806225774829855,
        "cv_std_f1": 0.0437893245699159,
        "cv_std_roc_auc": 0.0076150631109233,
        "test_accuracy": 0.9764514819326026,
        "test_precision": 0.24,
        "test_recall": 0.9473684210526316,
        "test_f1": 0.3829787234042553,
        "test_roc_auc": 0.992182789215264
      },
      {
        "rank": 2,
        "model_name": "random_forest",
        "cv_runtime_seconds": 3.3477,
        "cv_accuracy": 0.9926896334813984,
        "cv_precision": 0.6633333333333333,
        "cv_recall": 0.1683333333333333,
        "cv_f1": 0.2652631578947368,
        "cv_roc_auc": 0.9800906195218064,
        "cv_std_accuracy": 0.0010451024021702,
        "cv_std_precision": 0.2477453890141606,
        "cv_std_recall": 0.0694522217867154,
        "cv_std_f1": 0.1021974624422734,
        "cv_std_roc_auc": 0.0170103654558046,
        "test_accuracy": 0.9918798213560698,
        "test_precision": 0.4285714285714285,
        "test_recall": 0.1578947368421052,
        "test_f1": 0.2307692307692307,
        "test_roc_auc": 0.983924110603842
      },
      {
        "rank": 3,
        "model_name": "xgboost",
        "cv_runtime_seconds": 2.0391,
        "cv_accuracy": 0.9925881621993694,
        "cv_precision": 0.5476190476190477,
        "cv_recall": 0.2983333333333333,
        "cv_f1": 0.3795857121944078,
        "cv_roc_auc": NaN,
        "cv_std_accuracy": 0.0012262620400564,
        "cv_std_precision": 0.1027540267954289,
        "cv_std_recall": 0.1291155812957264,
        "cv_std_f1": 0.1246101802950865,
        "cv_std_roc_auc": NaN,
        "test_accuracy": 0.9930978481526592,
        "test_precision": 0.5714285714285714,
        "test_recall": 0.4210526315789473,
        "test_f1": 0.4848484848484848,
        "test_roc_auc": 0.99173055388061
      }
    ],
    "task_variant": "binary_classification"
  },
  "consistency_checks": {
    "problem_type_present": true,
    "task_variant_resolved": "binary_classification",
    "primary_metric_present": true,
    "best_model_name_present": true,
    "leaderboard_available": true,
    "leaderboard_top_model": "logistic_regression",
    "best_model_matches_leaderboard_rank1": true,
    "primary_metric_column_present": true,
    "top_model_by_primary_metric": "logistic_regression",
    "best_model_matches_primary_metric_ranking": true,
    "metric_sort_direction": "descending",
    "best_model_metrics_match_summary": true,
    "diagnostics_match_summary": true,
    "prediction_file_available": true,
    "prediction_required_columns_present": true
  },
  "best_model_selection_evidence": {
    "selected_model": "logistic_regression",
    "selection_metric": "roc_auc",
    "selection_metric_value": 0.992182789215264,
    "selection_rank": 1,
    "task_variant": "binary_classification"
  },
  "best_model_evaluation": {
    "model_name": "logistic_regression",
    "metrics": {
      "rank": 1,
      "model_name": "logistic_regression",
      "cv_runtime_seconds": 0.7437,
      "cv_accuracy": 0.9804044929916239,
      "cv_precision": 0.26748514643251486,
      "cv_recall": 0.8083333333333333,
      "cv_f1": 0.3996033360879438,
      "cv_roc_auc": 0.9870062557754178,
      "cv_std_accuracy": 0.003990253844596435,
      "cv_std_precision": 0.037826164871131863,
      "cv_std_recall": 0.0806225774829855,
      "cv_std_f1": 0.04378932456991598,
      "cv_std_roc_auc": 0.007615063110923398,
      "test_accuracy": 0.9764514819326026,
      "test_precision": 0.24,
      "test_recall": 0.9473684210526315,
      "test_f1": 0.3829787234042553,
      "test_roc_auc": 0.992182789215264
    },
    "diagnostics": {
      "best_model_name": "logistic_regression",
      "train_rows": 9849,
      "test_rows": 2463,
      "data_quality_warnings": [],
      "confusion_matrix": [
        [
          2387,
          57
        ],
        [
          1,
          18
        ]
      ],
      "labels": [
        0.0,
        1.0
      ],
      "class_distribution_test": {
        "0.0": 2444,
        "1.0": 19
      },
      "threshold_optimization": {
        "enabled": true,
        "oof_n_samples": 9849,
        "primary_metric": "roc_auc",
        "selected_method": "youden_j",
        "selected_threshold": 0.014868,
        "methods": {
          "youden_j": {
            "threshold": 0.014867871784628523,
            "sensitivity": 0.9871794871794872,
            "specificity": 0.9515914440691843,
            "j_statistic": 0.9387709312486715,
            "reference": "Youden (1950); Fluss et al. (2005)"
          },
          "f1_optimal": {
            "threshold": 0.9874732663205804,
            "f1": 0.5696969696969697,
            "precision": 0.5402298850574713,
            "recall": 0.6025641025641025,
            "reference": "Davis & Goadrich (2006)"
          },
          "g_mean": {
            "threshold": 0.014867871784628523,
            "g_mean": 0.9692221385010791,
            "sensitivity": 0.9871794871794872,
            "specificity": 0.9515914440691843,
            "reference": "Kubat & Matwin (1997)"
          },
          "mcc_optimal": {
            "threshold": 0.9779131198729287,
            "mcc": 0.5421809545590446,
            "reference": "Chicco & Jurman (BMC Genomics 2020)"
          }
        },
        "test_metrics_at_default_0.5": {
          "threshold": 0.5,
          "accuracy": 0.976451,
          "precision": 0.24,
          "recall": 0.947368,
          "f1": 0.382979,
          "mcc": 0.470515
        },
        "test_metrics_at_optimal": {
          "threshold": 0.014868,
          "accuracy": 0.933821,
          "precision": 0.104396,
          "recall": 1.0,
          "f1": 0.189055,
          "mcc": 0.312143
        },
        "delta_optimal_vs_default": {
          "accuracy": -0.04263,
          "precision": -0.135604,
          "recall": 0.052632,
          "f1": -0.193924,
          "mcc": -0.158372
        }
      }
    },
    "prediction_output_available": true,
    "prediction_row_count": 2463,
    "prediction_columns": [
      "y_pred",
      "y_true",
      "y_proba"
    ],
    "feature_importance_available": true,
    "feature_importance_top_rows": [
      {
        "feature_name": "adrtg",
        "importance": 3.645732374771249
      },
      {
        "feature_name": "ast_per",
        "importance": 2.793525319768724
      },
      {
        "feature_name": "min_per",
        "importance": 2.773557023230196
      },
      {
        "feature_name": "ast_tov",
        "importance": 2.3314659787595
      },
      {
        "feature_name": "to_per",
        "importance": 2.2964573975236697
      },
      {
        "feature_name": "pts",
        "importance": 2.077059047079072
      },
      {
        "feature_name": "usg",
        "importance": 1.8387789290377616
      },
      {
        "feature_name": "dreb",
        "importance": 1.6448552539102357
      },
      {
        "feature_name": "twopm",
        "importance": 1.5393309933964583
      },
      {
        "feature_name": "conf_a10",
        "importance": 1.347550388495625
      }
    ],