{
  "rank": 1,
  "model_name": "lightgbm",
  "cv_runtime_seconds": 0.2252,
  "cv_accuracy": 0.5591666666666667,
  "cv_precision": 0.6206060606060606,
  "cv_recall": 0.6555555555555556,
  "cv_f1": 0.6203842940685045,
  "cv_roc_auc": 0.6306216931216931,
  "cv_std_accuracy": 0.09046177830074606,
  "cv_std_precision": 0.11282172647635563,
  "cv_std_recall": 0.13704329315048902,
  "cv_std_f1": 0.07028594553271808,
  "cv_std_roc_auc": 0.11505047378014054,
  "test_accuracy": 0.65,
  "test_precision": 0.6666666666666666,
  "test_recall": 0.7272727272727273,
  "test_f1": 0.6956521739130435,
  "test_roc_auc": 0.707070707070707
}