{
  "rank": 1,
  "model_name": "lightgbm",
  "cv_runtime_seconds": 2.5716,
  "cv_accuracy": 0.8602824861600172,
  "cv_precision": 0.7716039331180681,
  "cv_recall": 0.6652608046373123,
  "cv_f1": 0.7144650990518466,
  "cv_roc_auc": 0.9185709854435153,
  "cv_std_accuracy": 0.00418223798177607,
  "cv_std_precision": 0.00793863250329378,
  "cv_std_recall": 0.012333979675442591,
  "cv_std_f1": 0.009842392756766264,
  "cv_std_roc_auc": 0.004180434845800377,
  "test_accuracy": 0.8537985865724381,
  "test_precision": 0.7553191489361702,
  "test_recall": 0.6563025210084034,
  "test_f1": 0.7023381294964028,
  "test_roc_auc": 0.9143896863718524,
  "training_error": NaN
}