{
  "rank": 1,
  "model_name": "logistic_regression",
  "cv_runtime_seconds": 0.5836,
  "cv_accuracy": 0.9804044929916239,
  "cv_precision": 0.26748514643251486,
  "cv_recall": 0.8083333333333333,
  "cv_f1": 0.3996033360879438,
  "cv_roc_auc": 0.9870062557754178,
  "cv_std_accuracy": 0.003990253844596435,
  "cv_std_precision": 0.037826164871131863,
  "cv_std_recall": 0.0806225774829855,
  "cv_std_f1": 0.04378932456991598,
  "cv_std_roc_auc": 0.007615063110923398,
  "test_accuracy": 0.9764514819326026,
  "test_precision": 0.24,
  "test_recall": 0.9473684210526315,
  "test_f1": 0.3829787234042553,
  "test_roc_auc": 0.992182789215264
}