rank,model_name,cv_runtime_seconds,cv_accuracy,cv_precision,cv_recall,cv_f1,cv_roc_auc,cv_std_accuracy,cv_std_precision,cv_std_recall,cv_std_f1,cv_std_roc_auc,test_accuracy,test_precision,test_recall,test_f1,test_roc_auc
1,lightgbm,0.3116,0.5591666666666667,0.6206060606060606,0.6555555555555556,0.6203842940685045,0.6306216931216931,0.09046177830074606,0.11282172647635563,0.13704329315048902,0.07028594553271808,0.11505047378014054,0.65,0.6666666666666666,0.7272727272727273,0.6956521739130435,0.707070707070707
2,xgboost,2.4802,0.6633333333333333,0.758939393939394,0.6555555555555556,0.6783179668628586,0.6548941798941799,0.0559885901074694,0.1414801072694829,0.15401018084032347,0.06359138788055199,0.12124976749194216,0.6,0.6153846153846154,0.7272727272727273,0.6666666666666666,0.6868686868686869
3,random_forest,1.8256,0.5875,0.6205555555555555,0.7027777777777777,0.6560371517027864,0.6113756613756615,0.14151953143569188,0.11335741295175712,0.12717247935843998,0.11324838724089531,0.1410704208458886,0.55,0.5714285714285714,0.7272727272727273,0.64,0.595959595959596
4,svm_rbf,0.0586,0.5199999999999999,0.5878571428571429,0.4444444444444445,0.5032880844645551,0.533068783068783,0.09455304213920233,0.0811775579724307,0.12203268131382666,0.10675999002379459,0.10891232695956331,0.55,0.5833333333333334,0.6363636363636364,0.6086956521739131,0.4949494949494949
5,logistic_regression,0.1682,0.36249999999999993,0.4166666666666667,0.3472222222222222,0.3777310924369748,0.3355820105820106,0.06922186552431729,0.08307783963032334,0.06334307917217433,0.06934873631367111,0.09206729299457762,0.4,0.42857142857142855,0.2727272727272727,0.3333333333333333,0.3939393939393939
