{
  "enabled": true,
  "oof_n_samples": 9849,
  "primary_metric": "roc_auc",
  "selected_method": "youden_j",
  "selected_threshold": 0.014868,
  "methods": {
    "youden_j": {
      "threshold": 0.014867871784628523,
      "sensitivity": 0.9871794871794872,
      "specificity": 0.9515914440691843,
      "j_statistic": 0.9387709312486715,
      "reference": "Youden (1950); Fluss et al. (2005)"
    },
    "f1_optimal": {
      "threshold": 0.9874732663205804,
      "f1": 0.5696969696969697,
      "precision": 0.5402298850574713,
      "recall": 0.6025641025641025,
      "reference": "Davis & Goadrich (2006)"
    },
    "g_mean": {
      "threshold": 0.014867871784628523,
      "g_mean": 0.9692221385010791,
      "sensitivity": 0.9871794871794872,
      "specificity": 0.9515914440691843,
      "reference": "Kubat & Matwin (1997)"
    },
    "mcc_optimal": {
      "threshold": 0.9779131198729287,
      "mcc": 0.5421809545590446,
      "reference": "Chicco & Jurman (BMC Genomics 2020)"
    }
  },
  "test_metrics_at_default_0.5": {
    "threshold": 0.5,
    "accuracy": 0.976451,
    "precision": 0.24,
    "recall": 0.947368,
    "f1": 0.382979,
    "mcc": 0.470515
  },
  "test_metrics_at_optimal": {
    "threshold": 0.014868,
    "accuracy": 0.933821,
    "precision": 0.104396,
    "recall": 1.0,
    "f1": 0.189055,
    "mcc": 0.312143
  },
  "delta_optimal_vs_default": {
    "accuracy": -0.04263,
    "precision": -0.135604,
    "recall": 0.052632,
    "f1": -0.193924,
    "mcc": -0.158372
  }
}